id,calsim_id,name,description,inflow_entity_id,variable_type,is_aggregate,aggregated_variable_ids,unit_id,temporal_scale_id,variable_version_id,variable_id,created_by,updated_by
1,I_ALD002,Alder Creek accretion: dam site to Diversion Dam,,1,inflow,,,2,3,1,875bbcbc-7f62-448a-96f7-01af68056e16,1,
2,I_ALD004,Alder Creek at proposed Alder Reservoir dam site,,2,inflow,,,2,3,1,7619419c-df8d-4189-b600-4a6a2ee9ffb9,1,
3,I_ALMNR,Lake Almanor local inflow,,3,inflow,,,2,3,1,b9816560-36d5-4b15-ba0c-287d30b188ed,1,
4,I_ALOHA,Aloha Lake inflow,,4,inflow,,,2,3,1,78ee4a26-b932-4986-99c8-e721fd8f3690,1,
5,I_AMADR,Amador Reservoir inflow,,5,inflow,,,2,3,1,bda65e03-c3cd-44f8-91d9-d6317db130bd,1,
6,I_ANG017,Angels Creek above Diversion Dam,,6,inflow,,,2,3,1,a04024bd-9c76-45b3-b4f3-93e888d79db0,1,
7,I_ANT011,Antelope Creek near Red Bluff,,7,inflow,,,2,3,1,d0ef7daf-d992-4899-a645-d78b51443e63,1,
8,I_ANTLP,Antelope Lake inflow,,8,inflow,,,2,3,1,f823ba7e-c5a7-4819-856c-28c5bd037650,1,
9,I_BANOS,Los Banos Creek,,9,inflow,,,2,3,1,a3f9c576-e6a8-4a62-bf62-0b256b9b3633,1,
10,I_BCC014,Big Chico Creek near Chico,,10,inflow,,,2,3,1,20e41dcf-5415-4f76-9614-10aa7f570b41,1,
11,I_BCK040,Bear Creek below Bear Reservoir,,11,inflow,,,2,3,1,809c1aff-3e53-4662-a2fc-4aabd16057b2,1,
12,I_BCM003,Bcm003,,12,inflow,,,2,3,1,228ac7ea-a75c-4cb8-8808-a75009ffed78,1,
13,I_BCN010,Bear Creek (North) near Millville,,13,inflow,,,2,3,1,5b16da40-fa5a-42ee-a87d-bacfbd878964,1,
14,I_BEARD,Beardsley Lake local inflow,,14,inflow,,,2,3,1,71a7bce8-e6be-4cf2-a576-957e0947dc4f,1,
15,I_BLKBT,Black Butte Lake local inflow,,15,inflow,,,2,3,1,f5aad7d4-4d01-4e7c-adf4-c29618c090eb,1,
16,I_BOWMN,Bowman Lake inflow,,16,inflow,,,2,3,1,f2e3b072-07d9-4de8-9a2f-db9b6ffa9eec,1,
17,I_BRC003,Bear Creek above Holsten Chimney,,17,inflow,,,2,3,1,663b47a5-9474-4429-99a9-6f92d3cf7c1e,1,
18,I_BRR023,Bear River accretion: Combie Dam to Garden Bar,,18,inflow,,,2,3,1,8e050c6a-1980-49a0-ada6-ba2d7dc24145,1,
19,I_BSH003,Brush Creek Reservoir inflow,,19,inflow,,,2,3,1,d2f64b44-109c-4923-9c59-d5a08bdf11c9,1,
20,I_BTC048,Butte Creek near Chico,,20,inflow,,,2,3,1,dfdcc546-d22d-4ce9-8a0d-4fdd233b2930,1,
21,I_BTL006,Battle Creek near Cottonwood,,21,inflow,,,2,3,1,5d2896e4-b163-4325-9afb-e61799a78c21,1,
22,I_BTVLY,Butt Valley Reservoir inflow,,22,inflow,,,2,3,1,6e431be0-c86f-4f1a-8c4c-fd6912f4079f,1,
23,I_BUCKS,Bucks Creek Reservoir inflow,,23,inflow,,,2,3,1,25515056-fd01-4b41-997b-2a5cfe6281cc,1,
24,I_BUR005,Burns Creek below Burns Reservoir,,24,inflow,,,2,3,1,f2d9ea37-4933-4dbc-8886-b3d8786369dd,1,
25,I_BVC007,Beaver Creek above Diversion Dam,,25,inflow,,,2,3,1,0eaffa4f-99ef-407a-82e9-4489d0817c73,1,
26,I_CAP000,Capita Canyon Group,,26,inflow,,,2,3,1,19caaa2a-1d89-45f9-8b78-395d81d345c1,1,
27,I_CAPLS,Caples Lake inflow,,27,inflow,,,2,3,1,6ab090a7-59cc-4678-841a-dcd81ce5ce44,1,
28,I_CCH053,Cache Creek accretion: Clear Lake Dam to Rumsey,,28,inflow,,,2,3,1,63465155-1fd2-41f2-93d1-0e9e9de3ee30,1,
29,I_CFS001,Clark Fork inflow to Middle Stanislaus,,29,inflow,,,2,3,1,cd3b3d73-8587-475f-b7f8-835fbfdb74b7,1,
30,I_CHC000,Corral Hollow and Minor Creeks,,30,inflow,,,2,3,1,8739747b-8127-4b2c-b08d-b98c2a590aaa,1,
31,I_CHW031,Chowchilla River below Buchanan Dam local inflow,,31,inflow,,,2,3,1,72b96741-47bf-443e-bad4-74af53de3796,1,
32,I_CHY006,Chy006,,32,inflow,,,2,3,1,86ca9ba1-1463-4537-a1af-d14dc361cb9d,1,
33,I_CLR011,Clear Creek Local Inflow Downstream of Whiskeytown Lake,,33,inflow,,,2,3,1,811ef76a-dc36-44c2-9357-78e0f7487751,1,
34,I_CLRLK,Clear Lake inflow,,34,inflow,,,2,3,1,306f06aa-5c9c-49b9-a5cf-654ea599ed3f,1,
35,I_CLV026,Calaveras River below New Hogan Dam local inflow,,35,inflow,,,2,3,1,55bd6fe5-44fa-450f-a78f-d45c2005b59c,1,
36,I_CMBIE,Combie Reservoir local inflow,,36,inflow,,,2,3,1,814179d4-abcf-4e89-a83e-1ddd4aceaf0a,1,
37,I_CMCHE,Camanche Reservoir local inflow,,37,inflow,,,2,3,1,46c35773-a795-400b-b292-f9edb2be17f0,1,
38,I_CMP001,Camp Creek near Somerset local inflow,,38,inflow,,,2,3,1,e372d5d3-dc94-4c74-acf2-627ebccc8d1f,1,
39,I_CMP014,Camp Creek at Diversion Dam,,39,inflow,,,2,3,1,7d64f079-3a38-4349-8410-c99db162b818,1,
40,I_CMPFW,Camp Far West Reservoir local inflow,,40,inflow,,,2,3,1,2f159b47-ec02-4a72-a113-53efe204425d,1,
41,I_COL003,Cole Creek,,41,inflow,,,2,3,1,92900b4e-be27-4e91-864d-a33db68b9628,1,
42,I_COT033,Cottonwood Creek,,42,inflow,,,2,3,1,8a357bb4-54c4-40fd-b8b5-dd401597c950,1,
43,I_COW014,Cow Creek,,43,inflow,,,2,3,1,501cafea-362f-45a6-8f1f-b1e29f23df46,1,
44,I_CSM035,Cosumnes River at Michigan Bar local inflow,,44,inflow,,,2,3,1,fe7e7bff-1d63-4400-9b3b-9219c1fc1edd,1,
45,I_CVY009,Cvy009,,45,inflow,,,2,3,1,ce6b4a46-602f-415c-ae01-222b3ba82e65,1,
46,I_CWD018,Cottonwood Creek near Olinda,,46,inflow,,,2,3,1,469e9ea4-2566-4f27-8681-0ca8d81c3b61,1,
47,I_CYN009,Canyon Creek at Towle Canal Diversion Dam,,47,inflow,,,2,3,1,497b0d3f-bb17-4b3d-97e6-26210415640d,1,
48,I_DAVIS,Davis Lake inflow,,48,inflow,,,2,3,1,c4c145fc-e68f-44c0-9de9-581817a3c3d4,1,
49,I_DBC024,Dry Creek and Berenda Creek,,49,inflow,,,2,3,1,fe8d2813-7378-4f42-803d-bb83494ba4fb,1,
50,I_DCC010,Duncan Canyon Creek above Diversion Dam,,50,inflow,,,2,3,1,e7951372-f1bf-4b5c-90c7-d1f15728b4b4,1,
51,I_DCM027,Dry Creek tributary to Merced River,,51,inflow,,,2,3,1,fe8d245e-0d0b-44f6-b7ed-718cfa42f2c3,1,
52,I_DCT050,Dry Creek tributary to Tuolumne River,,52,inflow,,,2,3,1,446d6498-08dd-460d-b61a-9b74d4efad4f,1,
53,I_DED044,Deadman Creek and Dutchman Creek,,53,inflow,,,2,3,1,cfb5bec2-89ac-4df8-b5e4-b4aabd43900a,1,
54,I_DEE023,Deer Creek,,54,inflow,,,2,3,1,6b4fe267-3b38-4a02-a9c9-6437514790b8,1,
55,I_DER001,Deer Creek accretion: Keystone to Smartville gage,,55,inflow,,,2,3,1,ce56d6d2-31ad-4d3e-8d81-fb08d40c8046,1,
56,I_DER004,Deer Creek accretion: Scott Flat Dam to Keystone,,56,inflow,,,2,3,1,f4d5f758-635e-440d-b4f1-925b15feaed8,1,
57,I_DHC021,Dhc021,,57,inflow,,,2,3,1,4289342c-e1d3-4fae-a428-db8292bde5e4,1,
58,I_DONLL,Donnell Lake local inflow,,58,inflow,,,2,3,1,c6b5a05b-bae1-4a31-935b-d7a630d0508d,1,
59,I_DPC008,Del Puerto Creek,,59,inflow,,,2,3,1,fef3342f-c7bc-499a-a73e-f664f2f6c83c,1,
60,I_DRC012,Deer Creek near Vina,,60,inflow,,,2,3,1,96f507df-ef71-4df1-9b1d-4fd4335df35b,1,
61,I_DSC035,Dry and Sutter Creek,,61,inflow,,,2,3,1,d372c27c-4d93-4323-bdba-62c0d1efd6a2,1,
62,I_EBF001,East Branch Feather River accretion,,62,inflow,,,2,3,1,d1dc7867-9ef7-452f-8a1c-d7cd24e37063,1,
63,I_EBTML,Ebtml,,63,inflow,,,2,3,1,993c8c2d-7722-44e2-b7a4-1f9e3a0bc834,1,
64,I_ECHOL,Echol,,64,inflow,,,2,3,1,6013534e-09ba-4d91-b273-22a42444c7e3,1,
65,I_ELD027,Elder Creek Inflow near Paskenta,,65,inflow,,,2,3,1,96e77872-8aaf-45fa-8ff9-df8008dc2506,1,
66,I_ELENR,Lake Eleanor inflow,,66,inflow,,,2,3,1,56fc153b-b1c7-47ab-b527-57a056416e7b,1,
67,I_ENGLB,Englebright Reservoir local inflow,,67,inflow,,,2,3,1,d69c76a9-329b-4bd4-ade6-18fdd705fdd5,1,
68,I_EPARK,East Park Reservoir inflow,,68,inflow,,,2,3,1,a1d4a80a-4015-4fc4-ba02-31d672f2b225,1,
69,I_ESTMN,Eastman Lake inflow,,69,inflow,,,2,3,1,14b59a72-5245-4d37-bc56-e00d93adc8b4,1,
70,I_FOLSM,Folsom Lake local inflow,,70,inflow,,,2,3,1,7e8b5e45-e5b7-4dc4-b1b4-bf7eab4beefb,1,
71,I_FRDYC,Fordyce Reservoir inflow,,71,inflow,,,2,3,1,88bccd6b-1531-4ec4-98c7-464fcd76599f,1,
72,I_FRMAN,Frenchman Lake inflow,,72,inflow,,,2,3,1,d1fa027b-a6e0-485f-830d-1688f0664f6e,1,
73,I_FRMDW,French Meadows Reservoir inflow,,73,inflow,,,2,3,1,56a74bd5-4659-4ee5-8e69-ab7d62c9b876,1,
74,I_FRNCH,French Lake inflow,,74,inflow,,,2,3,1,8dbeca1d-4582-4322-8fd5-1a7a608ec30e,1,
75,I_FRS046,Fresno River below Hidden Dam local inflow,,75,inflow,,,2,3,1,277e0ac3-5661-4da7-bb2d-84e9b72e6683,1,
76,I_FSL012,Fresno Slough,,76,inflow,,,2,3,1,f57f1d46-9259-4589-8c0f-a5f222b5fc5a,1,
77,I_GERLE,Gerle Reservoir local inflow,,77,inflow,,,2,3,1,3108fb04-cb06-4bd1-97b9-395028643b68,1,
78,I_GRZ012,Garzas Creek,,78,inflow,,,2,3,1,7073dde0-418d-4ded-a741-51fce4fc0770,1,
79,I_GZL009,Grizzly Creek above Diversion Dam,,79,inflow,,,2,3,1,8ff6be90-62ba-41ee-a522-35afe501d848,1,
80,I_HHOLE,Hell Hole Reservoir local inflow,,80,inflow,,,2,3,1,6417c506-531f-4f87-8f1e-56af11e354b1,1,
81,I_HNSLY,Hensley Lake inflow,,81,inflow,,,2,3,1,355e6a62-4fd3-4482-b1ad-d8ed3bef290f,1,
82,I_HON021,South Fork Honcut Creek,,82,inflow,,,2,3,1,61652a2c-9a8f-4884-ab3c-d7253e340c13,1,
83,I_HTCHY,Hetch Hetchy Reservoir inflow,,83,inflow,,,2,3,1,faf433a4-e21c-4eda-abd2-48e152486933,1,
84,I_ICEHS,Ice House Reservoir inflow,,84,inflow,,,2,3,1,0582dfad-c776-47b3-b5c2-81bcdd012729,1,
85,I_INDVL,Indian Valley Reservoir inflow,,85,inflow,,,2,3,1,25586a2c-d2bc-437f-a4bd-26e1ed0e0019,1,
86,I_ING008,Ingram Creek and Hospital Creek,,86,inflow,,,2,3,1,83a69f09-a0cb-404d-9708-cc78b60113d0,1,
87,I_JBP006,James Bypass,,87,inflow,,,2,3,1,a3fea9eb-408f-4485-a693-321777fdc65d,1,
88,I_JKSMD,Jackson Meadows inflow,,88,inflow,,,2,3,1,6ba2ce7a-58f1-498f-9fde-7b5f3a23a164,1,
89,I_JNKSN,Jenkinson Lake inflow,,89,inflow,,,2,3,1,ed82f435-a370-4414-883f-ae2eef52979e,1,
90,I_JWB001,Jwb001,,90,inflow,,,2,3,1,6bd29862-38ef-4f91-99b1-c0742717e1fb,1,
91,I_LCBRF,Texas and Rucker Creeks,,91,inflow,,,2,3,1,bc2cb0b2-3e90-45a2-ba5e-adfa1c97078c,1,
92,I_LCC038,Little Chico Creek near Chico,,92,inflow,,,2,3,1,1c0bc1fa-d4ce-47e8-9cac-92dca36f2938,1,
93,I_LDC029,Little Dry Creek,,93,inflow,,,2,3,1,9f1720d6-365c-454e-9814-db0b155b2d40,1,
94,I_LGRSV,Little Grass Valley Reservoir inflow,,94,inflow,,,2,3,1,6afa4ade-80c4-4775-b3ee-950d4719eac3,1,
95,I_LJC022,Littlejohn and Rock Creek above Farmington,,95,inflow,,,2,3,1,6b1010dd-2c48-489b-8ed4-8f8a013fce08,1,
96,I_LKVLY,Lake Valley Reservoir inflow,,96,inflow,,,2,3,1,dbe6f4d1-7ec2-439d-be1c-4c5114efffa0,1,
97,I_LLOYD,Lake Lloyd/Cherry Lake inflow,,97,inflow,,,2,3,1,279c1053-2e4b-48a2-a031-7807d411605e,1,
98,I_LNG012,Long Canyon Creek near French Meadows accretion,,98,inflow,,,2,3,1,e39eca1d-1e2f-4733-9b4e-0c2868fd0d62,1,
99,I_LOONL,Loon Lake inflow,,99,inflow,,,2,3,1,a91b16de-7e56-436a-a56e-c2ae2f51d812,1,
100,I_LOSVQ,Los Vaqueros Reservoir inflow,,100,inflow,,,2,3,1,8b1b16eb-63f3-4347-b54f-509fd275b597,1,
101,I_LPC007,Little Panoche Creek,,101,inflow,,,2,3,1,9aa937f8-a178-4920-ae33-14bab01fc8ed,1,
102,I_LRB004,Buck Island Lake inflow,,102,inflow,,,2,3,1,fb728bf7-90ee-4ca1-ae69-5c84ae967e75,1,
103,I_LWSTN,Lewiston Lake local inflow,,103,inflow,,,2,3,1,c2bc7cd8-b60c-4920-ac45-7f04dfb18ed0,1,
104,I_LYONS,Lyons Reservoir local inflow,,104,inflow,,,2,3,1,01fd1cb5-6853-4293-918a-cb1a5862ec31,1,
105,I_MCD055,Merced River below Lake McClure local inflow,,105,inflow,,,2,3,1,eaeb5255-f279-408b-834b-2e5f85bfef7d,1,
106,I_MCLRE,Lake McClure inflow,,106,inflow,,,2,3,1,277620dd-ddbf-48a0-83cd-f9daad2bff1f,1,
107,I_MERLC,Merle Collins Reservoir inflow,,107,inflow,,,2,3,1,a08c069c-e3fc-497f-b813-3cef86db1a0d,1,
108,I_MFA001,Middle Fork American River accretions: Foresthill to Auburn,,108,inflow,,,2,3,1,be7c1108-ca4c-450e-9d89-0c6f06c8bb70,1,
109,I_MFA023,Middle Fork American River near Forest Hill accretion,,109,inflow,,,2,3,1,dc01b1bd-8911-49c8-9520-11379fb70013,1,
110,I_MFA025,Middle Fork American River accretion: Interbay Dam to Ralston Afterbay,,110,inflow,,,2,3,1,e8db2dfe-51ef-41a4-a0cf-d691cc8a3519,1,
111,I_MFA036,Middle Fork American River accretion: French Meadows Dam to Interbay Dam,,111,inflow,,,2,3,1,59d97340-0b56-4f97-9b79-893e7c8d4cc5,1,
112,I_MFF019,Middle Fork Feather River accretion: Portola to Merrimac,,112,inflow,,,2,3,1,9f058ebb-e246-4f5d-9da5-e0c0823685cf,1,
113,I_MFF087,Middle Fork Feather River near Portola accretion,,113,inflow,,,2,3,1,48587f0e-57bf-495f-a09b-e175bb702721,1,
114,I_MFM008,Middle Fork Mokelumne River near West Point,,114,inflow,,,2,3,1,48995942-0e75-497e-bee8-c544ed774f9a,1,
115,I_MFS013,MF Stanislaus at Sand Bar Diversion Dam local inflow,,115,inflow,,,2,3,1,010101cf-8c0a-457c-8c18-1e154bf56bac,1,
116,I_MFS022,MF Stanislaus at Hells Half Acre Bridge local inflow,,116,inflow,,,2,3,1,f7748fc7-cabd-46df-bf50-55c6aafff520,1,
117,I_MFS047,MF Stanislaus at Kennedy local inflow,,117,inflow,,,2,3,1,72057e6a-4caa-4434-b023-1695cb9c8198,1,
118,I_MFT000,Mft000,,118,inflow,,,2,3,1,7e99e5f5-9942-4f26-bf81-1bb1d920d662,1,
119,I_MFY013,Middle Fork Yuba River accretion: Milton Dam to Our House Diversion Dam,,119,inflow,,,2,3,1,99e0d2d5-1e18-42b6-b841-f234ae7d8f2e,1,
120,I_MIL003,Mill Creek above Hunters Reservoir,,120,inflow,,,2,3,1,cd50f200-7ea0-4ed5-88f3-f1f07e6ccb18,1,
121,I_MLC006,Mill Creek near Los Molinos,,121,inflow,,,2,3,1,40c1a174-710a-48af-a592-17a0a3c0bc9c,1,
122,I_MLRTN,Millerton Lake impaired inflow,,122,inflow,,,2,3,1,c08010d6-99df-42d6-9fce-8906e92f453a,1,
124,I_MNS000,Minor northeast streams,,124,inflow,,,2,3,1,830795fe-acf5-49c5-925e-d8b7eddcfc7e,1,
125,I_MOC003,Moc003,,125,inflow,,,2,3,1,75ed0cae-6313-4b43-a91e-c799c68fcf55,1,
126,I_MOK079,Mokelumne River near Mokelumne Hill,,126,inflow,,,2,3,1,164da8f0-74c3-440b-8da6-582597708cbb,1,
127,I_MPS038,Mariposa Creek below Mariposa Reservoir,,127,inflow,,,2,3,1,9f0605dd-b0f7-4a67-b328-e7f33fd12b54,1,
128,I_MSH015,Marsh Creek,,128,inflow,,,2,3,1,080527ce-7116-43de-8f7f-cf323a1cc272,1,
129,I_MTMDW,Mountain Meadows Reservoir inflow,,129,inflow,,,2,3,1,3b7aa342-986e-4613-944c-477703a26960,1,
130,I_NBLDB,New Bullards Bar Reservoir local inflow,,130,inflow,,,2,3,1,1fac269d-32fe-45c5-89fe-ee237139a997,1,
131,I_NFA016,North Fork American River at Auburn Tunnel Pump Station Diversion,,131,inflow,,,2,3,1,8d86c5d6-1f93-435b-bc66-e03e7af5f898,1,
132,I_NFA022,North Fork American River accretion: North Fork confluence to North Fork Dam,,132,inflow,,,2,3,1,f516abdf-b167-4b88-b91e-b6ca51ccb2e7,1,
133,I_NFA054,North Fork American River above North Fork confluence,,133,inflow,,,2,3,1,90cf4420-0e38-4b37-8f2c-0ee039c13c97,1,
134,I_NFF029,North Fork Feather River accretion: Rock Creek Forebay to Poe Forebay,,134,inflow,,,2,3,1,67a20b80-cea9-4bbb-8787-2ba6a0211749,1,
135,I_NFF046,Nff046,,135,inflow,,,2,3,1,c4829943-af02-4e86-97c0-1a08488c8870,1,
136,I_NFF058,Nff058,,136,inflow,,,2,3,1,e744f24e-67fe-478b-9498-868eb8e48d47,1,
137,I_NFM010,North Fork Mokelumne below Tiger Creek Reservoir,,137,inflow,,,2,3,1,89c9ad96-a1ff-4151-8962-b0e6f94507b0,1,
138,I_NFS005,NF Stanislaus below McKays Point Dam local inflow,,138,inflow,,,2,3,1,2081b1c2-89ac-44f6-827a-eca8cc21372f,1,
139,I_NFS009,North Fork Stanislaus near Avery local inflow,,139,inflow,,,2,3,1,33a977b4-d9b1-4dcb-b1a9-278b766662cf,1,
140,I_NFS033,North Fork Stanislaus at Diversion Dam,,140,inflow,,,2,3,1,7c28bf80-da8b-478e-a3df-66fc2f47cd94,1,
141,I_NFT008,Nft008,,141,inflow,,,2,3,1,f5ee6939-705f-4ce8-8be6-132414c32f53,1,
142,I_NFY029,North Fork Yuba River below Goodyears Bar,,142,inflow,,,2,3,1,b125501f-efc5-42ee-a5df-8b7282ff0781,1,
143,I_NHGAN,New Hogan Reservoir inflow,,143,inflow,,,2,3,1,a70b064c-06e8-4150-aa45-0b78d6f01bf0,1,
144,I_NLC003,North Long Canyon Creek above Middle Fork Tunnel Diversion,,144,inflow,,,2,3,1,541ce1ba-bb89-416c-8d09-9362d62f4fde,1,
145,I_NMA003,North Fork of Middle Fork American River near Foresthill,,145,inflow,,,2,3,1,dec8746b-d692-4c24-8c56-d6934ff24c19,1,
146,I_NNA013,North Fork of North Fork American River,,146,inflow,,,2,3,1,87807f94-28e5-4699-9899-fe9ad2f99c1b,1,
147,I_OGN005,Oregon Creek above Log Cabin Diversion Dam,,147,inflow,,,2,3,1,e81fcaa3-82fe-4c61-896b-c84453319045,1,
148,I_ORG000,Ortigalita Creek,,148,inflow,,,2,3,1,3f068f35-0106-4c34-8d99-93dcac29ee30,1,
149,I_OROVL,Lake Oroville local inflow,,149,inflow,,,2,3,1,e99259bb-4a21-4d15-b5d4-dc15aa78d92f,1,
150,I_ORT014,Orestimba Creek,,150,inflow,,,2,3,1,a12b1a70-e24e-402c-bff8-ab1a5052540a,1,
151,I_OWN040,Owen Creek below Owens Reservoir,,151,inflow,,,2,3,1,a2492b1f-8fdd-4a1e-ac9d-ccee55d1adaa,1,
152,I_PARDE,Pardee Reservoir local inflow,,152,inflow,,,2,3,1,0344ac07-707b-483a-a5c0-9efbda597ce3,1,
153,I_PCRST,Pine Crest Reservoir inflow,,153,inflow,,,2,3,1,766d63e3-b3ea-4317-af00-75937a89f68d,1,
154,I_PEDRO,New Don Pedro local inflow,,154,inflow,,,2,3,1,a21f5091-820b-4ed6-b480-4767b555a22e,1,
155,I_PLC007,Pilot Creek accretion: Stumpy Meadows Dam to Diversion Dam,,155,inflow,,,2,3,1,a783cc2a-c48a-413c-b7f1-d254797f63fb,1,
156,I_PLM001,Plum Creek near Riverton,,156,inflow,,,2,3,1,0775a2a7-e288-45be-9daf-02141bec2992,1,
157,I_PTH070,Pth070,,157,inflow,,,2,3,1,298bdbf2-03be-45d0-a96a-fa0e17a25431,1,
158,I_PYN001,Paynes Creek near Red Bluff and Sevenmile Creek,,158,inflow,,,2,3,1,bd886d01-f1e9-493e-8a75-c14945ec1e13,1,
159,I_PYR001,Pyramid Creek accretion: Aloha Dam to Twin Bridges,,159,inflow,,,2,3,1,4e004cfa-0a38-4516-b2ca-cd280f7f93c4,1,
160,I_QNT005,Quinto Creek Group,,160,inflow,,,2,3,1,4759f5a2-a62d-41bf-8cf6-a90f1c4c3bd6,1,
161,I_RCK001,Rock Creek near Placerville,,161,inflow,,,2,3,1,d6cf7b53-a9f4-47a1-b995-392357097fbf,1,
162,I_RLIEF,Relief Reservoir inflow,,162,inflow,,,2,3,1,552bb608-0ff4-4e0d-873d-25a48e23800e,1,
163,I_RLLNS,Rollins Reservoir inflow,,163,inflow,,,2,3,1,dd837c9e-20b2-4666-9376-1ca589c34201,1,
164,I_RUB002,Lower Rubicon River accretion,,164,inflow,,,2,3,1,8681827e-c7bf-4ed9-b7cb-2c81939a17b4,1,
165,I_RUB047,Rubicon Reservoir inflow,,165,inflow,,,2,3,1,cdd13b66-d42f-4cda-b1e7-284f4dce6b6e,1,
166,I_RVPHB,Round Valley and Philbrook reservoirs combined inflow,,166,inflow,,,2,3,1,5e40ed9a-bcde-44db-ab1c-b05d9981b5a0,1,
167,I_SCOTF,Scott Flat Reservoir local inflow,,167,inflow,,,2,3,1,f648de1b-8a67-49d8-ad37-f66770c185c9,1,
168,I_SCW008,South Fork Cottonwood Creek near Olinda,,168,inflow,,,2,3,1,14fb6926-ffd3-4630-8581-33e2a908f29a,1,
169,I_SFA030,South Fork American River near Placerville accretion,,169,inflow,,,2,3,1,23a0c6a9-f55b-4010-ab89-ac9c6840aacf,1,
170,I_SFA040,South Fork American River at Slab Creek accretion,,170,inflow,,,2,3,1,c2177de2-79a3-4fc8-a5d3-f9554f848d42,1,
171,I_SFA066,South Fork American River near Kyburz accretion,,171,inflow,,,2,3,1,34679723-eefa-48a4-8a07-d041b7c23f20,1,
172,I_SFA076,South Fork American River at proposed Forni Diversion Dam site,,172,inflow,,,2,3,1,642f4946-1672-4f07-b056-a4a8de19870e,1,
173,I_SFD003,South Fork Deer Creek below Deer Creek Powerhouse,,173,inflow,,,2,3,1,0616a756-0191-4e51-ae70-68d56e11cb94,1,
174,I_SFF008,Local Inflow to South Fork Feather River at Enterprise,,174,inflow,,,2,3,1,295c5d7d-9303-4e9a-9495-431ff124162f,1,
175,I_SFF011,Local inflow to South Fork Feather River at Ponderosa Dam,,175,inflow,,,2,3,1,1b9a8ba3-5498-48cf-8250-c7bd3e5d40ba,1,
176,I_SFM005,South Fork Mokelumne River near West Point,,176,inflow,,,2,3,1,b4cea917-03dc-421b-b5b7-9baeb645eda0,1,
177,I_SFR006,South Fork Rubicon River above Diversion Dam,,177,inflow,,,2,3,1,85e76257-f374-4810-8505-d717e3d36016,1,
178,I_SFS030,SF Stanislaus near Strawberry at Diversion Dam,,178,inflow,,,2,3,1,9a2ef9ce-3638-46b1-a1bc-fe140b13764d,1,
179,I_SFS033,SF Stanislaus at Strawberry local inflow,,179,inflow,,,2,3,1,90c6241e-3995-4385-93ac-0053f60cbfef,1,
180,I_SFT003,Sft003,,180,inflow,,,2,3,1,632bac62-dc46-4737-b6be-7362ca88ac3e,1,
181,I_SFY007,South Yuba River accretion: Spaulding Dam to Jones Bar,,181,inflow,,,2,3,1,1fac90cc-fd93-4cf0-a1ba-e412c6973675,1,
182,I_SFY048,South Yuba River near Cisco,,182,inflow,,,2,3,1,fad4bd83-f511-4d34-8e8f-acf71057d4f4,1,
183,I_SGRGE,Stony Gorge Reservoir local inflow,,183,inflow,,,2,3,1,4b13c7c3-c8ae-44cd-89ca-b16c9e73f30e,1,
184,I_SHSTA,Shasta Lake inflow,,184,inflow,,,2,3,1,3e788289-bd03-4962-b05c-eb4650a257f1,1,
185,I_SILVR,Silver Lake inflow,,185,inflow,,,2,3,1,2ceb3a45-d568-4895-95d4-dc1f4b9096e8,1,
186,I_SJR258,Little Dry Creek near Friant,,186,inflow,,,2,3,1,032649ba-a6e2-48aa-ae27-d01bfe64f8b6,1,
187,I_SJR265,Cottonwood Creek,,187,inflow,,,2,3,1,fd17bb5d-2d20-4507-8ce8-a69c839ed318,1,
188,I_SLC003,South Long Canyon Creek above Diversion Dam,,188,inflow,,,2,3,1,8d68db05-05a0-49b8-b7ea-4469859672aa,1,
189,I_SLF009,Silver Fork American River accretion: Silver Lake Dam to proposed Diversion Dam,,189,inflow,,,2,3,1,5a1115ea-848d-4fef-b600-4d99b0d2028b,1,
190,I_SLO007,Salado Creek Group,,190,inflow,,,2,3,1,29717db7-980c-4d12-93cb-2b78285a19ad,1,
191,I_SLT009,Slate Creek above Slate Creek Diversion Dam,,191,inflow,,,2,3,1,cc42abca-30b5-444a-a50d-5673c26adb1e,1,
192,I_SLTSP,Salt Springs Reservoir inflow,,192,inflow,,,2,3,1,c75c24c0-6694-4b4c-97c0-6b450d527fc3,1,
193,I_SLUIS,San Luis Reservoir inflow,,193,inflow,,,2,3,1,d14688ea-bbb9-420e-85fc-ef0b175188b3,1,
194,I_SLV006,Silver Creek accretion: Junction Dam to Camino Dam,,194,inflow,,,2,3,1,bee95c95-9a61-4d09-be9f-8f7098eeebf1,1,
195,I_SLV015,Silver Creek accretion: Union Valley Dam to Junction Dam,,195,inflow,,,2,3,1,600c06d7-ba2e-4b64-b6a7-4546081ff578,1,
196,I_SLYCK,Sly Creek Reservoir inflow,,196,inflow,,,2,3,1,0b78527b-d1d8-46e9-ae67-b5f5c255f151,1,
197,I_SPICE,Highland Creek inflow to Spicer Meadows Reservoir,,197,inflow,,,2,3,1,484f2c7c-a4d0-4f58-82bc-0f0e339f45d8,1,
198,I_SPLDG,Spaulding Reservoir local inflow,,198,inflow,,,2,3,1,ae63132e-347d-4c54-97ab-fcaa652e9ff1,1,
199,I_STMPY,Stumpy Meadows Reservoir inflow,,199,inflow,,,2,3,1,9af5e4d5-79a0-42b8-8ae6-8d74cc10e051,1,
200,I_STS059,Stanislaus River below Tulloch Reservoir local inflow,,200,inflow,,,2,3,1,b207fd56-d99a-447b-af81-e1ce6d223b4b,1,
201,I_STS072,New Melones local inflow,,201,inflow,,,2,3,1,bab3e6b1-9333-41f8-a98d-42c4861278c9,1,
202,I_TGC003,Tiger Creek above Regulation Reservoir,,202,inflow,,,2,3,1,ced026dc-64d1-4b4a-b03b-f41416579ccb,1,
203,I_THM028,Thomes Creek at Paskenta,,203,inflow,,,2,3,1,7e392e24-73ce-41f8-8a0c-fe41154cf1b2,1,
204,I_TRNTY,Trinity Lake inflow,,204,inflow,,,2,3,1,dae5fa37-5f54-4a2e-b57c-afe4ee4517e7,1,
205,I_TULOC,Tulloch Reservoir local inflow,,205,inflow,,,2,3,1,d14f4b21-3a87-40a1-b23e-d11beb15d1e6,1,
206,I_TUO054,Tuolumne River below New Don Pedro Dam,,206,inflow,,,2,3,1,22dc9235-19a0-4269-a4dd-87f52b8c6b8d,1,
207,I_TUO105,Tuo105,,207,inflow,,,2,3,1,d86f8a63-16ad-4ddb-b9fa-f19c84867e97,1,
208,I_UBEAR,Upper Bear Reservoir inflow,,208,inflow,,,2,3,1,8e0c499d-679c-4429-b34d-fe8432861835,1,
209,I_UNVLY,Union Valley Reservoir inflow,,209,inflow,,,2,3,1,5467d422-5f5d-4da6-8247-25fa36f8a41d,1,
210,I_WBF006,West Branch Feather River accretions: Miocene Diversion Dam to Yankee Hill,,210,inflow,,,2,3,1,71e32197-39a5-464b-9cd9-a60c2bf20015,1,
211,I_WBF015,West Branch Feather River accretions: Hendricks to Miocene Diversion Dam,,211,inflow,,,2,3,1,41e831db-ddd2-411e-9a3c-4d1b2e2a29f0,1,
212,I_WBF030,West Branch Feather River accretion: Round Valley to Hendricks Diversion Dam,,212,inflow,,,2,3,1,9f89eae1-212b-4e8b-9c38-a04db86b470b,1,
213,I_WBR001,Weber Creek near Salmon Falls,,213,inflow,,,2,3,1,9f3f8453-e768-4f26-8a9f-e263814d0bef,1,
214,I_WKYTN,Whiskeytown Lake inflow,,214,inflow,,,2,3,1,fe6f8a08-5c0b-4f35-8908-b79b18279a68,1,
215,I_WLF013,Wolf Creek at Tarr Ditch Diversion Dam,,215,inflow,,,2,3,1,538a0397-e420-4422-9c98-df514375ab97,1,
